"source_index","record_type","primary_id","event_id","dual_id","format_code","format_label","start_date","end_date","event_name","location_state","tournament_system","tournament_id","winner_side","winner_team_id","winner_team_name","team_1_id","team_1_name","team_1_state","team_1_score","team_2_id","team_2_name","team_2_state","team_2_score","season_id","results_url_template"
"0","tournament_event","8710102132","8710102132","","I","individual","2026-03-19","2026-03-21","2026 NCAA Division I Championships","OH","P","931299132","","","","","","","","","","","","1560238138","https://www.trackwrestling.com/seasons/EventMatches.jsp?seasonId=1560238138&eventId=8710102132&teamId={TEAM_ID}"
"1","tournament_event","9096146132","9096146132","","I","individual","2026-03-14","2026-03-14","2026 NCWA GLC Tournament","MI","P","984655132","","","","","","","","","","","","1560238138","https://www.trackwrestling.com/seasons/EventMatches.jsp?seasonId=1560238138&eventId=9096146132&teamId={TEAM_ID}"
"2","tournament_event","8987563132","8987563132","","I","individual","2026-03-13","2026-03-14","2026 NCAA Division II Wrestling Championships","SD","P","954920132","","","","","","","","","","","","1560238138","https://www.trackwrestling.com/seasons/EventMatches.jsp?seasonId=1560238138&eventId=8987563132&teamId={TEAM_ID}"
"3","tournament_event","8987562132","8987562132","","I","individual","2026-03-13","2026-03-14","2026 NCAA Division III Wrestling Championships","IA","P","954922132","","","","","","","","","","","","1560238138","https://www.trackwrestling.com/seasons/EventMatches.jsp?seasonId=1560238138&eventId=8987562132&teamId={TEAM_ID}"
"4","tournament_event","9065827132","9065827132","","I","individual","2026-03-14","2026-03-14","NCWA WCC Chamionship","CA","P","979705132","","","","","","","","","","","","1560238138","https://www.trackwrestling.com/seasons/EventMatches.jsp?seasonId=1560238138&eventId=9065827132&teamId={TEAM_ID}"
"5","tournament_event","9065384132","9065384132","","I","individual","2026-03-14","2026-03-14","2026 NCWA SWC Tournament","NE","O","978776132","","","","","","","","","","","","1560238138","https://www.trackwrestling.com/seasons/EventMatches.jsp?seasonId=1560238138&eventId=9065384132&teamId={TEAM_ID}"
"6","tournament_event","9096283132","9096283132","","I","individual","2026-03-14","2026-03-14","2026 NCWA Mid-Atlantic Conf Championship","VA","P","985053132","","","","","","","","","","","","1560238138","https://www.trackwrestling.com/seasons/EventMatches.jsp?seasonId=1560238138&eventId=9096283132&teamId={TEAM_ID}"
"7","tournament_event","8982563132","8982563132","","I","individual","2026-03-07","2026-03-08","2026 MAC Wrestling Championships","NY","P","964861132","","","","","","","","","","","","1560238138","https://www.trackwrestling.com/seasons/EventMatches.jsp?seasonId=1560238138&eventId=8982563132&teamId={TEAM_ID}"
"8","tournament_event","9065879132","9065879132","","I","individual","2026-03-08","2026-03-08","2026 Ivy League Wrestling Tournament","NY","","","","","","","","","","","","","","1560238138","https://www.trackwrestling.com/seasons/EventMatches.jsp?seasonId=1560238138&eventId=9065879132&teamId={TEAM_ID}"
"9","tournament_event","9033538132","9033538132","","I","individual","2026-03-08","2026-03-08","2026 ACC Wrestling Championships","VA","P","948555132","","","","","","","","","","","","1560238138","https://www.trackwrestling.com/seasons/EventMatches.jsp?seasonId=1560238138&eventId=9033538132&teamId={TEAM_ID}"
"10","tournament_event","8989784132","8989784132","","I","individual","2026-03-07","2026-03-08","2026 Big Ten Wrestling Championships","PA","P","964607132","","","","","","","","","","","","1560238138","https://www.trackwrestling.com/seasons/EventMatches.jsp?seasonId=1560238138&eventId=8989784132&teamId={TEAM_ID}"
"11","tournament_event","8875439132","8875439132","","I","individual","2026-03-06","2026-03-07","2026 Southern Conference Championship","NC","","","","","","","","","","","","","","1560238138","https://www.trackwrestling.com/seasons/EventMatches.jsp?seasonId=1560238138&eventId=8875439132&teamId={TEAM_ID}"
"12","tournament_event","9034990132","9034990132","","I","individual","2026-03-06","2026-03-07","2026 Big 12 Championships","OK","P","974060132","","","","","","","","","","","","1560238138","https://www.trackwrestling.com/seasons/EventMatches.jsp?seasonId=1560238138&eventId=9034990132&teamId={TEAM_ID}"
"13","tournament_event","9034259132","9034259132","","I","individual","2026-03-06","2026-03-07","EIWA Championship","DC","","","","","","","","","","","","","","1560238138","https://www.trackwrestling.com/seasons/EventMatches.jsp?seasonId=1560238138&eventId=9034259132&teamId={TEAM_ID}"
"14","tournament_event","8977800132","8977800132","","I","individual","2026-03-06","2026-03-06","Pac-12 Championships","CA","P","974263132","","","","","","","","","","","","1560238138","https://www.trackwrestling.com/seasons/EventMatches.jsp?seasonId=1560238138&eventId=8977800132&teamId={TEAM_ID}"
"15","tournament_event","8999692132","8999692132","","I","individual","2026-02-28","2026-03-01","NCAA DIII Region I","CT","P","966168132","","","","","","","","","","","","1560238138","https://www.trackwrestling.com/seasons/EventMatches.jsp?seasonId=1560238138&eventId=8999692132&teamId={TEAM_ID}"
"16","tournament_event","8974321132","8974321132","","I","individual","2026-03-01","2026-03-01","Zingo Nationals","NJ","","","","","","","","","","","","","","1560238138","https://www.trackwrestling.com/seasons/EventMatches.jsp?seasonId=1560238138&eventId=8974321132&teamId={TEAM_ID}"
"17","tournament_event","8999693132","8999693132","","I","individual","2026-02-27","2026-02-28","NCAA DIII Region II","NY","P","966169132","","","","","","","","","","","","1560238138","https://www.trackwrestling.com/seasons/EventMatches.jsp?seasonId=1560238138&eventId=8999693132&teamId={TEAM_ID}"
"18","tournament_event","8987567132","8987567132","","I","individual","2026-02-28","2026-02-28","NCAA DII Super Regional III","OH","P","933752132","","","","","","","","","","","","1560238138","https://www.trackwrestling.com/seasons/EventMatches.jsp?seasonId=1560238138&eventId=8987567132&teamId={TEAM_ID}"
"19","tournament_event","8987569132","8987569132","","I","individual","2026-02-28","2026-02-28","NCAA DII Super Regional VI","CO","P","933755132","","","","","","","","","","","","1560238138","https://www.trackwrestling.com/seasons/EventMatches.jsp?seasonId=1560238138&eventId=8987569132&teamId={TEAM_ID}"
"20","tournament_event","9034956132","9034956132","","I","individual","2026-02-28","2026-02-28","2026 NCWA California State Championships","CA","O","974004132","","","","","","","","","","","","1560238138","https://www.trackwrestling.com/seasons/EventMatches.jsp?seasonId=1560238138&eventId=9034956132&teamId={TEAM_ID}"
"21","tournament_event","8999691132","8999691132","","I","individual","2026-02-27","2026-02-28","NCAA DIII Region VII","WI","P","966174132","","","","","","","","","","","","1560238138","https://www.trackwrestling.com/seasons/EventMatches.jsp?seasonId=1560238138&eventId=8999691132&teamId={TEAM_ID}"
"22","tournament_event","8987570132","8987570132","","I","individual","2026-02-28","2026-02-28","NCAA DII Super Regional V","MN","P","933754132","","","","","","","","","","","","1560238138","https://www.trackwrestling.com/seasons/EventMatches.jsp?seasonId=1560238138&eventId=8987570132&teamId={TEAM_ID}"
"23","tournament_event","8987566132","8987566132","","I","individual","2026-02-28","2026-02-28","NCAA DII Super Regional II","SC","P","933751132","","","","","","","","","","","","1560238138","https://www.trackwrestling.com/seasons/EventMatches.jsp?seasonId=1560238138&eventId=8987566132&teamId={TEAM_ID}"
"24","tournament_event","8999689132","8999689132","","I","individual","2026-02-27","2026-02-28","NCAA DIII Region V","OH","P","966172132","","","","","","","","","","","","1560238138","https://www.trackwrestling.com/seasons/EventMatches.jsp?seasonId=1560238138&eventId=8999689132&teamId={TEAM_ID}"
"25","tournament_event","8999686132","8999686132","","I","individual","2026-02-27","2026-02-28","NCAA DIII Region III","NJ","P","966170132","","","","","","","","","","","","1560238138","https://www.trackwrestling.com/seasons/EventMatches.jsp?seasonId=1560238138&eventId=8999686132&teamId={TEAM_ID}"
"26","tournament_event","8987565132","8987565132","","I","individual","2026-02-28","2026-02-28","NCAA DII Super Regional I","PA","P","933750132","","","","","","","","","","","","1560238138","https://www.trackwrestling.com/seasons/EventMatches.jsp?seasonId=1560238138&eventId=8987565132&teamId={TEAM_ID}"
"27","tournament_event","8999690132","8999690132","","I","individual","2026-02-27","2026-02-28","NCAA DIII Region VI","IA","P","966173132","","","","","","","","","","","","1560238138","https://www.trackwrestling.com/seasons/EventMatches.jsp?seasonId=1560238138&eventId=8999690132&teamId={TEAM_ID}"
"28","tournament_event","9065318132","9065318132","","D","dual_tournament","2026-02-28","2026-02-28","Apprentice Duals Scramble","VA","","","","","","","","","","","","","","1560238138","https://www.trackwrestling.com/seasons/EventMatches.jsp?seasonId=1560238138&eventId=9065318132&teamId={TEAM_ID}"
"29","tournament_event","8999687132","8999687132","","I","individual","2026-02-27","2026-02-28","NCAA DIII Region IV","OH","P","966171132","","","","","","","","","","","","1560238138","https://www.trackwrestling.com/seasons/EventMatches.jsp?seasonId=1560238138&eventId=8999687132&teamId={TEAM_ID}"
"30","tournament_event","8987568132","8987568132","","I","individual","2026-02-28","2026-02-28","NCAA DII Super Regional IV","OK","P","933753132","","","","","","","","","","","","1560238138","https://www.trackwrestling.com/seasons/EventMatches.jsp?seasonId=1560238138&eventId=8987568132&teamId={TEAM_ID}"
"31","standalone_dual","9034434132","","9034434132","","standalone_dual","2026-02-23","2026-02-23","Presbyterian vs VMI","SC","","","2","758939150","VMI","758975150","Presbyterian","SC","13","758939150","VMI","VA","32","1560238138","https://www.trackwrestling.com/seasons/DualMatches.jsp?seasonId=1560238138&dualId=9034434132&teamId={TEAM_ID}"
"32","tournament_event","8703849132","8703849132","","I","individual","2026-02-22","2026-02-22","Patriots Last Chance Open","VA","","","","","","","","","","","","","","1560238138","https://www.trackwrestling.com/seasons/EventMatches.jsp?seasonId=1560238138&eventId=8703849132&teamId={TEAM_ID}"
"33","tournament_event","8708032132","8708032132","","I","individual","2026-02-22","2026-02-22","Wildcat Open","NC","","","","","","","","","","","","","","1560238138","https://www.trackwrestling.com/seasons/EventMatches.jsp?seasonId=1560238138&eventId=8708032132&teamId={TEAM_ID}"
"34","tournament_event","8707749132","8707749132","","I","individual","2026-02-22","2026-02-22","California Last Chance Open","CA","O","961443132","","","","","","","","","","","","1560238138","https://www.trackwrestling.com/seasons/EventMatches.jsp?seasonId=1560238138&eventId=8707749132&teamId={TEAM_ID}"
"35","standalone_dual","8721686132","","8721686132","","standalone_dual","2026-02-22","2026-02-22","South Dakota State vs North Dakota State","SD","","","2","758881150","North Dakota State","758917150","South Dakota State","SD","13","758881150","North Dakota State","ND","20","1560238138","https://www.trackwrestling.com/seasons/DualMatches.jsp?seasonId=1560238138&dualId=8721686132&teamId={TEAM_ID}"
"36","tournament_event","9002384132","9002384132","","I","individual","2026-02-22","2026-02-22","Super Region I Futures Open","PA","","","","","","","","","","","","","","1560238138","https://www.trackwrestling.com/seasons/EventMatches.jsp?seasonId=1560238138&eventId=9002384132&teamId={TEAM_ID}"
"37","tournament_event","8709995132","8709995132","","I","individual","2026-02-22","2026-02-22","Super Region I Futures","PA","","","","","","","","","","","","","","1560238138","https://www.trackwrestling.com/seasons/EventMatches.jsp?seasonId=1560238138&eventId=8709995132&teamId={TEAM_ID}"
"38","tournament_event","8999722132","8999722132","","I","individual","2026-02-22","2026-02-22","2026 Futures","PA","","","","","","","","","","","","","","1560238138","https://www.trackwrestling.com/seasons/EventMatches.jsp?seasonId=1560238138&eventId=8999722132&teamId={TEAM_ID}"
"39","standalone_dual","8707450132","","8707450132","","standalone_dual","2026-02-22","2026-02-22","The Citadel vs VMI","SC","","","1","758928150","The Citadel","758928150","The Citadel","SC","34","758939150","VMI","VA","11","1560238138","https://www.trackwrestling.com/seasons/DualMatches.jsp?seasonId=1560238138&dualId=8707450132&teamId={TEAM_ID}"
"40","standalone_dual","8707971132","","8707971132","","standalone_dual","2026-02-22","2026-02-22","Duke vs Cornell","NC","","","2","758803150","Cornell","758810150","Duke","NC","4","758803150","Cornell","NY","42","1560238138","https://www.trackwrestling.com/seasons/DualMatches.jsp?seasonId=1560238138&dualId=8707971132&teamId={TEAM_ID}"
"41","standalone_dual","8704444132","","8704444132","","standalone_dual","2026-02-22","2026-02-22","Bellarmine vs Chattanooga","KY","","","2","758790150","Chattanooga","758743150","Bellarmine","KY","9","758790150","Chattanooga","TN","26","1560238138","https://www.trackwrestling.com/seasons/DualMatches.jsp?seasonId=1560238138&dualId=8704444132&teamId={TEAM_ID}"
"42","standalone_dual","8707822132","","8707822132","","standalone_dual","2026-02-22","2026-02-22","Newman vs Fort Hays State","KS","","","2","758817150","Fort Hays State","758876150","Newman","KS","18","758817150","Fort Hays State","KS","32","1560238138","https://www.trackwrestling.com/seasons/DualMatches.jsp?seasonId=1560238138&dualId=8707822132&teamId={TEAM_ID}"
"43","standalone_dual","8704746132","","8704746132","","standalone_dual","2026-02-22","2026-02-22","Columbia vs Bucknell","NY","","","1","758800150","Columbia","758800150","Columbia","NY","30","758777150","Bucknell","PA","6","1560238138","https://www.trackwrestling.com/seasons/DualMatches.jsp?seasonId=1560238138&dualId=8704746132&teamId={TEAM_ID}"
"44","standalone_dual","8703762132","","8703762132","","standalone_dual","2026-02-22","2026-02-22","Air Force vs Northern Colorado","CO","","","2","758882150","Northern Colorado","758758150","Air Force","CO","17","758882150","Northern Colorado","CO","19","1560238138","https://www.trackwrestling.com/seasons/DualMatches.jsp?seasonId=1560238138&dualId=8703762132&teamId={TEAM_ID}"
"45","standalone_dual","8717428132","","8717428132","","standalone_dual","2026-02-22","2026-02-22","Oklahoma State vs Iowa","OK","","","1","758892150","Oklahoma State","758892150","Oklahoma State","OK","32","758830150","Iowa","IA","11","1560238138","https://www.trackwrestling.com/seasons/DualMatches.jsp?seasonId=1560238138&dualId=8717428132&teamId={TEAM_ID}"
"46","standalone_dual","8704523132","","8704523132","","standalone_dual","2026-02-22","2026-02-22","Appalachian State vs Gardner-Webb","NC","","","1","758763150","Appalachian State","758763150","Appalachian State","NC","25","758820150","Gardner-Webb","NC","14","1560238138","https://www.trackwrestling.com/seasons/DualMatches.jsp?seasonId=1560238138&dualId=8704523132&teamId={TEAM_ID}"
"47","standalone_dual","8703902132","","8703902132","","standalone_dual","2026-02-22","2026-02-22","Clarion vs American","PA","","","2","758761150","American","758792150","Clarion","PA","10","758761150","American","DC","26","1560238138","https://www.trackwrestling.com/seasons/DualMatches.jsp?seasonId=1560238138&dualId=8703902132&teamId={TEAM_ID}"
"48","standalone_dual","8705525132","","8705525132","","standalone_dual","2026-02-22","2026-02-22","Iowa State vs Missouri","IA","","","1","758831150","Iowa State","758831150","Iowa State","IA","20","758865150","Missouri","MO","14","1560238138","https://www.trackwrestling.com/seasons/DualMatches.jsp?seasonId=1560238138&dualId=8705525132&teamId={TEAM_ID}"
"49","standalone_dual","8708043132","","8708043132","","standalone_dual","2026-02-22","2026-02-22","Central Michigan vs Michigan","MI","","","2","758857150","Michigan","758786150","Central Michigan","MI","6","758857150","Michigan","MI","34","1560238138","https://www.trackwrestling.com/seasons/DualMatches.jsp?seasonId=1560238138&dualId=8708043132&teamId={TEAM_ID}"
"50","standalone_dual","8703669132","","8703669132","","standalone_dual","2026-02-22","2026-02-22","Bloomsburg vs Bucknell","PA","","","2","758777150","Bucknell","758773150","Bloomsburg","PA","9","758777150","Bucknell","PA","34","1560238138","https://www.trackwrestling.com/seasons/DualMatches.jsp?seasonId=1560238138&dualId=8703669132&teamId={TEAM_ID}"
"51","standalone_dual","9033930132","","9033930132","","standalone_dual","2026-02-22","2026-02-22","Northern Iowa vs Wisconsin","IA","","","1","758884150","Northern Iowa","758884150","Northern Iowa","IA","16","758954150","Wisconsin","WI","15","1560238138","https://www.trackwrestling.com/seasons/DualMatches.jsp?seasonId=1560238138&dualId=9033930132&teamId={TEAM_ID}"
"52","standalone_dual","8707952132","","8707952132","","standalone_dual","2026-02-22","2026-02-22","Brown vs Harvard","RI","","","2","758823150","Harvard","758776150","Brown","RI","16","758823150","Harvard","MA","26","1560238138","https://www.trackwrestling.com/seasons/DualMatches.jsp?seasonId=1560238138&dualId=8707952132&teamId={TEAM_ID}"
"53","standalone_dual","8709628132","","8709628132","","standalone_dual","2026-02-21","2026-02-21","Lock Haven vs West Virginia","PA","","","2","758947150","West Virginia","758844150","Lock Haven","PA","15","758947150","West Virginia","WV","21","1560238138","https://www.trackwrestling.com/seasons/DualMatches.jsp?seasonId=1560238138&dualId=8709628132&teamId={TEAM_ID}"
"54","standalone_dual","8707110132","","8707110132","","standalone_dual","2026-02-21","2026-02-21","American vs Drexel","DC","","","1","758761150","American","758761150","American","DC","21","758808150","Drexel","PA","12","1560238138","https://www.trackwrestling.com/seasons/DualMatches.jsp?seasonId=1560238138&dualId=8707110132&teamId={TEAM_ID}"
"55","standalone_dual","8706115132","","8706115132","","standalone_dual","2026-02-21","2026-02-21","Arizona State vs Lehigh","AZ","","","1","758764150","Arizona State","758764150","Arizona State","AZ","24","758842150","Lehigh","PA","11","1560238138","https://www.trackwrestling.com/seasons/DualMatches.jsp?seasonId=1560238138&dualId=8706115132&teamId={TEAM_ID}"
"56","standalone_dual","8707752132","","8707752132","","standalone_dual","2026-02-21","2026-02-21","California Baptist vs CSU Bakersfield","CA","","","1","758781150","California Baptist","758781150","California Baptist","CA","30","758805150","CSU Bakersfield","CA","12","1560238138","https://www.trackwrestling.com/seasons/DualMatches.jsp?seasonId=1560238138&dualId=8707752132&teamId={TEAM_ID}"
"57","standalone_dual","8703949132","","8703949132","","standalone_dual","2026-02-21","2026-02-21","Ohio vs Buffalo","OH","","","2","758779150","Buffalo","758888150","Ohio","OH","16","758779150","Buffalo","NY","22","1560238138","https://www.trackwrestling.com/seasons/DualMatches.jsp?seasonId=1560238138&dualId=8703949132&teamId={TEAM_ID}"
"58","standalone_dual","8707382132","","8707382132","","standalone_dual","2026-02-21","2026-02-21","Brown vs Sacred Heart","RI","","","1","758776150","Brown","758776150","Brown","RI","22","758910150","Sacred Heart","CT","18","1560238138","https://www.trackwrestling.com/seasons/DualMatches.jsp?seasonId=1560238138&dualId=8707382132&teamId={TEAM_ID}"
"59","tournament_event","8708191132","8708191132","","I","individual","2026-02-21","2026-02-21","Futures","MI","O","931061132","","","","","","","","","","","","1560238138","https://www.trackwrestling.com/seasons/EventMatches.jsp?seasonId=1560238138&eventId=8708191132&teamId={TEAM_ID}"
"60","tournament_event","8708891132","8708891132","","I","individual","2026-02-21","2026-02-21","Cardinal Invite","NY","O","972430132","","","","","","","","","","","","1560238138","https://www.trackwrestling.com/seasons/EventMatches.jsp?seasonId=1560238138&eventId=8708891132&teamId={TEAM_ID}"
"61","tournament_event","8707577132","8707577132","","I","individual","2026-02-21","2026-02-21","Cowboy Shootout","WY","","","","","","","","","","","","","","1560238138","https://www.trackwrestling.com/seasons/EventMatches.jsp?seasonId=1560238138&eventId=8707577132&teamId={TEAM_ID}"
"62","tournament_event","8999866132","8999866132","","I","individual","2026-02-21","2026-02-21","MEC Futures Tournament","WV","O","972858132","","","","","","","","","","","","1560238138","https://www.trackwrestling.com/seasons/EventMatches.jsp?seasonId=1560238138&eventId=8999866132&teamId={TEAM_ID}"
"63","standalone_dual","8703630132","","8703630132","","standalone_dual","2026-02-21","2026-02-21","Utah Valley vs Nebraska","UT","","","2","758871150","Nebraska","758936150","Utah Valley","UT","6","758871150","Nebraska","NE","32","1560238138","https://www.trackwrestling.com/seasons/DualMatches.jsp?seasonId=1560238138&dualId=8703630132&teamId={TEAM_ID}"
"64","standalone_dual","8706720132","","8706720132","","standalone_dual","2026-02-20","2026-02-20","Virginia Tech vs Duke","VA","","","1","758938150","Virginia Tech","758938150","Virginia Tech","VA","26","758810150","Duke","NC","17","1560238138","https://www.trackwrestling.com/seasons/DualMatches.jsp?seasonId=1560238138&dualId=8706720132&teamId={TEAM_ID}"
"65","standalone_dual","8704131132","","8704131132","","standalone_dual","2026-02-20","2026-02-20","Jamestown (N.D.) vs Minnesota State Moorhead","ND","","","2","758863150","Minnesota State Moorhead","770120150","Jamestown (N.D.)","ND","10","758863150","Minnesota State Moorhead","MN","36","1560238138","https://www.trackwrestling.com/seasons/DualMatches.jsp?seasonId=1560238138&dualId=8704131132&teamId={TEAM_ID}"
"66","standalone_dual","8703636132","","8703636132","","standalone_dual","2026-02-20","2026-02-20","NC State vs Cornell","NC","","","1","758878150","NC State","758878150","NC State","NC","19","758803150","Cornell","NY","18","1560238138","https://www.trackwrestling.com/seasons/DualMatches.jsp?seasonId=1560238138&dualId=8703636132&teamId={TEAM_ID}"
"67","standalone_dual","8704941132","","8704941132","","standalone_dual","2026-02-20","2026-02-20","North Carolina vs Stanford","NC","","","2","758924150","Stanford","758877150","North Carolina","NC","6","758924150","Stanford","CA","28","1560238138","https://www.trackwrestling.com/seasons/DualMatches.jsp?seasonId=1560238138&dualId=8704941132&teamId={TEAM_ID}"
"68","standalone_dual","8708042132","","8708042132","","standalone_dual","2026-02-20","2026-02-20","Michigan State vs Central Michigan","MI","","","2","758786150","Central Michigan","758858150","Michigan State","MI","15","758786150","Central Michigan","MI","19","1560238138","https://www.trackwrestling.com/seasons/DualMatches.jsp?seasonId=1560238138&dualId=8708042132&teamId={TEAM_ID}"
"69","standalone_dual","8708030132","","8708030132","","standalone_dual","2026-02-20","2026-02-20","Davidson vs Campbell","NC","","","1","758806150","Davidson","758806150","Davidson","NC","26","758782150","Campbell","NC","17","1560238138","https://www.trackwrestling.com/seasons/DualMatches.jsp?seasonId=1560238138&dualId=8708030132&teamId={TEAM_ID}"
"70","standalone_dual","8708773132","","8708773132","","standalone_dual","2026-02-20","2026-02-20","Maryland vs Drexel","MD","","","1","758850150","Maryland","758850150","Maryland","MD","19","758808150","Drexel","PA","19","1560238138","https://www.trackwrestling.com/seasons/DualMatches.jsp?seasonId=1560238138&dualId=8708773132&teamId={TEAM_ID}"
"71","standalone_dual","9033554132","","9033554132","","standalone_dual","2026-02-20","2026-02-20","Northern Illinois vs SIU Edwardsville","IL","","","2","758918150","SIU Edwardsville","758883150","Northern Illinois","IL","15","758918150","SIU Edwardsville","IL","16","1560238138","https://www.trackwrestling.com/seasons/DualMatches.jsp?seasonId=1560238138&dualId=9033554132&teamId={TEAM_ID}"
"72","standalone_dual","8708272132","","8708272132","","standalone_dual","2026-02-20","2026-02-20","Pittsburgh vs Virginia","PA","","","1","758900150","Pittsburgh","758900150","Pittsburgh","PA","37","758937150","Virginia","VA","0","1560238138","https://www.trackwrestling.com/seasons/DualMatches.jsp?seasonId=1560238138&dualId=8708272132&teamId={TEAM_ID}"
"73","standalone_dual","8707375132","","8707375132","","standalone_dual","2026-02-20","2026-02-20","Navy vs Army West Point","MD","","","2","758765150","Army West Point","758870150","Navy","MD","18","758765150","Army West Point","NY","19","1560238138","https://www.trackwrestling.com/seasons/DualMatches.jsp?seasonId=1560238138&dualId=8707375132&teamId={TEAM_ID}"
"74","standalone_dual","8709403132","","8709403132","","standalone_dual","2026-02-20","2026-02-20","Penn State vs Princeton","PA","","","1","758898150","Penn State","758898150","Penn State","PA","50","758903150","Princeton","NJ","0","1560238138","https://www.trackwrestling.com/seasons/DualMatches.jsp?seasonId=1560238138&dualId=8709403132&teamId={TEAM_ID}"
"75","standalone_dual","8839082132","","8839082132","","standalone_dual","2026-02-20","2026-02-20","Indiana vs Purdue","IN","","","1","758828150","Indiana","758828150","Indiana","IN","20","758904150","Purdue","IN","16","1560238138","https://www.trackwrestling.com/seasons/DualMatches.jsp?seasonId=1560238138&dualId=8839082132&teamId={TEAM_ID}"
"76","standalone_dual","8703729132","","8703729132","","standalone_dual","2026-02-19","2026-02-19","Edinboro vs Bloomsburg","PA","","","1","758812150","Edinboro","758812150","Edinboro","PA","28","758773150","Bloomsburg","PA","10","1560238138","https://www.trackwrestling.com/seasons/DualMatches.jsp?seasonId=1560238138&dualId=8703729132&teamId={TEAM_ID}"
"77","standalone_dual","8703898132","","8703898132","","standalone_dual","2026-02-19","2026-02-19","Gardner-Webb vs George Mason","NC","","","2","758821150","George Mason","758820150","Gardner-Webb","NC","14","758821150","George Mason","VA","32","1560238138","https://www.trackwrestling.com/seasons/DualMatches.jsp?seasonId=1560238138&dualId=8703898132&teamId={TEAM_ID}"
"78","standalone_dual","8709639132","","8709639132","","standalone_dual","2026-02-19","2026-02-19","Kent State vs Lock Haven","OH","","","2","758844150","Lock Haven","758836150","Kent State","OH","3","758844150","Lock Haven","PA","37","1560238138","https://www.trackwrestling.com/seasons/DualMatches.jsp?seasonId=1560238138&dualId=8709639132&teamId={TEAM_ID}"
"79","standalone_dual","8999724132","","8999724132","","standalone_dual","2026-02-19","2026-02-19","Mercyhurst vs Bloomsburg","PA","","","2","758773150","Bloomsburg","758855150","Mercyhurst","PA","0","758773150","Bloomsburg","PA","54","1560238138","https://www.trackwrestling.com/seasons/DualMatches.jsp?seasonId=1560238138&dualId=8999724132&teamId={TEAM_ID}"
"80","standalone_dual","8705282132","","8705282132","","standalone_dual","2026-02-19","2026-02-19","Penn vs Rider","PA","","","1","758899150","Penn","758899150","Penn","PA","22","758906150","Rider","NJ","18","1560238138","https://www.trackwrestling.com/seasons/DualMatches.jsp?seasonId=1560238138&dualId=8705282132&teamId={TEAM_ID}"
"81","standalone_dual","8707243132","","8707243132","","standalone_dual","2026-02-19","2026-02-19","Glenville State vs Salem","WV","","","1","758988150","Glenville State","758988150","Glenville State","WV","49","759010150","Salem","WV","6","1560238138","https://www.trackwrestling.com/seasons/DualMatches.jsp?seasonId=1560238138&dualId=8707243132&teamId={TEAM_ID}"
"82","tournament_event","8790320132","8790320132","","D","dual_tournament","2026-02-19","2026-02-19","Edinboro/Bloomsburg/Mercyhurst Tri","PA","","","","","","","","","","","","","","1560238138","https://www.trackwrestling.com/seasons/EventMatches.jsp?seasonId=1560238138&eventId=8790320132&teamId={TEAM_ID}"
"83","standalone_dual","8708900132","","8708900132","","standalone_dual","2026-02-18","2026-02-18","St. John Fisher vs Ithaca","NY","","","2","758832150","Ithaca","758996150","St. John Fisher","NY","12","758832150","Ithaca","NY","29","1560238138","https://www.trackwrestling.com/seasons/DualMatches.jsp?seasonId=1560238138&dualId=8708900132&teamId={TEAM_ID}"
"84","standalone_dual","8706447132","","8706447132","","standalone_dual","2026-02-18","2026-02-18","Hofstra vs Rutgers","NY","","","2","758909150","Rutgers","758825150","Hofstra","NY","3","758909150","Rutgers","NJ","45","1560238138","https://www.trackwrestling.com/seasons/DualMatches.jsp?seasonId=1560238138&dualId=8706447132&teamId={TEAM_ID}"
"85","standalone_dual","8707491132","","8707491132","","standalone_dual","2026-02-17","2026-02-17","Kutztown vs East Stroudsburg","PA","","","1","758839150","Kutztown","758839150","Kutztown","PA","46","758811150","East Stroudsburg","PA","0","1560238138","https://www.trackwrestling.com/seasons/DualMatches.jsp?seasonId=1560238138&dualId=8707491132&teamId={TEAM_ID}"
"86","standalone_dual","8708887132","","8708887132","","standalone_dual","2026-02-17","2026-02-17","Brockport vs Cortland State","NY","","","1","758775150","Brockport","758775150","Brockport","NY","23","758926150","Cortland State","NY","22","1560238138","https://www.trackwrestling.com/seasons/DualMatches.jsp?seasonId=1560238138&dualId=8708887132&teamId={TEAM_ID}"
"87","standalone_dual","8704889132","","8704889132","","standalone_dual","2026-02-17","2026-02-17","Wilkes vs Misericordia","PA","","","2","759014150","Misericordia","758952150","Wilkes","PA","12","759014150","Misericordia","PA","30","1560238138","https://www.trackwrestling.com/seasons/DualMatches.jsp?seasonId=1560238138&dualId=8704889132&teamId={TEAM_ID}"
"88","standalone_dual","8709402132","","8709402132","","standalone_dual","2026-02-16","2026-02-16","Rutgers vs Princeton","NJ","","","1","758909150","Rutgers","758909150","Rutgers","NJ","28","758903150","Princeton","NJ","9","1560238138","https://www.trackwrestling.com/seasons/DualMatches.jsp?seasonId=1560238138&dualId=8709402132&teamId={TEAM_ID}"
"89","tournament_event","8703370132","8703370132","","D","dual_tournament","2026-02-15","2026-02-15","GLVC Championship","IL","T","947255132","","","","","","","","","","","","1560238138","https://www.trackwrestling.com/seasons/EventMatches.jsp?seasonId=1560238138&eventId=8703370132&teamId={TEAM_ID}"
"90","tournament_event","8987488132","8987488132","","I","individual","2026-02-15","2026-02-15","NEWA Futures","CT","","","","","","","","","","","","","","1560238138","https://www.trackwrestling.com/seasons/EventMatches.jsp?seasonId=1560238138&eventId=8987488132&teamId={TEAM_ID}"
"91","tournament_event","9001132132","9001132132","","D","dual_tournament","2026-02-15","2026-02-15","Conference Carolinas Final Four","NC","","","","","","","","","","","","","","1560238138","https://www.trackwrestling.com/seasons/EventMatches.jsp?seasonId=1560238138&eventId=9001132132&teamId={TEAM_ID}"
"92","tournament_event","8993760132","8993760132","","I","individual","2026-02-15","2026-02-15","Rocky Mountain Collegiate Open","CO","O","967143132","","","","","","","","","","","","1560238138","https://www.trackwrestling.com/seasons/EventMatches.jsp?seasonId=1560238138&eventId=8993760132&teamId={TEAM_ID}"
"93","tournament_event","8708410132","8708410132","","I","individual","2026-02-15","2026-02-15","Lock Haven Open II","PA","","","","","","","","","","","","","","1560238138","https://www.trackwrestling.com/seasons/EventMatches.jsp?seasonId=1560238138&eventId=8708410132&teamId={TEAM_ID}"
"94","standalone_dual","8707245132","","8707245132","","standalone_dual","2026-02-15","2026-02-15","Scranton vs Misericordia","PA","","","2","759014150","Misericordia","758967150","Scranton","PA","3","759014150","Misericordia","PA","41","1560238138","https://www.trackwrestling.com/seasons/DualMatches.jsp?seasonId=1560238138&dualId=8707245132&teamId={TEAM_ID}"
"95","tournament_event","8707564132","8707564132","","I","individual","2026-02-15","2026-02-15","Jackrabbits Open","SD","","","","","","","","","","","","","","1560238138","https://www.trackwrestling.com/seasons/EventMatches.jsp?seasonId=1560238138&eventId=8707564132&teamId={TEAM_ID}"
"96","standalone_dual","8707562132","","8707562132","","standalone_dual","2026-02-15","2026-02-15","Wyoming vs Oklahoma","WY","","","1","758963150","Wyoming","758963150","Wyoming","WY","24","758891150","Oklahoma","OK","10","1560238138","https://www.trackwrestling.com/seasons/DualMatches.jsp?seasonId=1560238138&dualId=8707562132&teamId={TEAM_ID}"
"97","tournament_event","8707995132","8707995132","","I","individual","2026-02-15","2026-02-15","NEWA Futures (Invite)","VT","","","","","","","","","","","","","","1560238138","https://www.trackwrestling.com/seasons/EventMatches.jsp?seasonId=1560238138&eventId=8707995132&teamId={TEAM_ID}"
"98","tournament_event","8995065132","8995065132","","D","dual_tournament","2026-02-15","2026-02-15","Harvard & Brown Duals","NY","","","","","","","","","","","","","","1560238138","https://www.trackwrestling.com/seasons/EventMatches.jsp?seasonId=1560238138&eventId=8995065132&teamId={TEAM_ID}"
"99","standalone_dual","8708837132","","8708837132","","standalone_dual","2026-02-15","2026-02-15","Wisconsin vs Michigan","WI","","","1","758954150","Wisconsin","758954150","Wisconsin","WI","19","758857150","Michigan","MI","17","1560238138","https://www.trackwrestling.com/seasons/DualMatches.jsp?seasonId=1560238138&dualId=8708837132&teamId={TEAM_ID}"
"100","tournament_event","8707116132","8707116132","","D","dual_tournament","2026-02-15","2026-02-15","Ashland Tri","OH","","","","","","","","","","","","","","1560238138","https://www.trackwrestling.com/seasons/EventMatches.jsp?seasonId=1560238138&eventId=8707116132&teamId={TEAM_ID}"
"101","standalone_dual","8712372132","","8712372132","","standalone_dual","2026-02-15","2026-02-15","Stanford vs Pittsburgh","CA","","","1","758924150","Stanford","758924150","Stanford","CA","21","758900150","Pittsburgh","PA","12","1560238138","https://www.trackwrestling.com/seasons/DualMatches.jsp?seasonId=1560238138&dualId=8712372132&teamId={TEAM_ID}"
"102","standalone_dual","8708436132","","8708436132","","standalone_dual","2026-02-15","2026-02-15","Virginia Tech vs Oklahoma State","VA","","","2","758892150","Oklahoma State","758938150","Virginia Tech","VA","12","758892150","Oklahoma State","OK","19","1560238138","https://www.trackwrestling.com/seasons/DualMatches.jsp?seasonId=1560238138&dualId=8708436132&teamId={TEAM_ID}"
"103","standalone_dual","8872367132","","8872367132","","standalone_dual","2026-02-15","2026-02-15","Oswego State vs Lycoming","NY","","","2","758847150","Lycoming","758927150","Oswego State","NY","11","758847150","Lycoming","PA","36","1560238138","https://www.trackwrestling.com/seasons/DualMatches.jsp?seasonId=1560238138&dualId=8872367132&teamId={TEAM_ID}"
"104","standalone_dual","8704442132","","8704442132","","standalone_dual","2026-02-15","2026-02-15","The Citadel vs Bellarmine","SC","","","1","758928150","The Citadel","758928150","The Citadel","SC","22","758743150","Bellarmine","KY","13","1560238138","https://www.trackwrestling.com/seasons/DualMatches.jsp?seasonId=1560238138&dualId=8704442132&teamId={TEAM_ID}"
"105","standalone_dual","8708786132","","8708786132","","standalone_dual","2026-02-15","2026-02-15","The Citadel vs Davidson","SC","","","1","758928150","The Citadel","758928150","The Citadel","SC","20","758806150","Davidson","NC","14","1560238138","https://www.trackwrestling.com/seasons/DualMatches.jsp?seasonId=1560238138&dualId=8708786132&teamId={TEAM_ID}"
"106","standalone_dual","8725876132","","8725876132","","standalone_dual","2026-02-15","2026-02-15","Purdue vs Iowa","IN","","","2","758830150","Iowa","758904150","Purdue","IN","6","758830150","Iowa","IA","32","1560238138","https://www.trackwrestling.com/seasons/DualMatches.jsp?seasonId=1560238138&dualId=8725876132&teamId={TEAM_ID}"
"107","standalone_dual","8703517132","","8703517132","","standalone_dual","2026-02-15","2026-02-15","Millersville vs Franklin & Marshall","PA","","","2","758818150","Franklin & Marshall","758859150","Millersville","PA","6","758818150","Franklin & Marshall","PA","49","1560238138","https://www.trackwrestling.com/seasons/DualMatches.jsp?seasonId=1560238138&dualId=8703517132&teamId={TEAM_ID}"
"108","standalone_dual","8703677132","","8703677132","","standalone_dual","2026-02-15","2026-02-15","UMary vs Sioux Falls","ND","","","1","758849150","UMary","758849150","UMary","ND","37","759000150","Sioux Falls","SD","7","1560238138","https://www.trackwrestling.com/seasons/DualMatches.jsp?seasonId=1560238138&dualId=8703677132&teamId={TEAM_ID}"
"109","standalone_dual","8709185132","","8709185132","","standalone_dual","2026-02-15","2026-02-15","Minnesota vs Michigan State","MN","","","1","758861150","Minnesota","758861150","Minnesota","MN","37","758858150","Michigan State","MI","6","1560238138","https://www.trackwrestling.com/seasons/DualMatches.jsp?seasonId=1560238138&dualId=8709185132&teamId={TEAM_ID}"
"110","standalone_dual","8709325132","","8709325132","","standalone_dual","2026-02-15","2026-02-15","Davenport vs Grand Valley State","MI","","","2","758999150","Grand Valley State","758742150","Davenport","MI","0","758999150","Grand Valley State","MI","52","1560238138","https://www.trackwrestling.com/seasons/DualMatches.jsp?seasonId=1560238138&dualId=8709325132&teamId={TEAM_ID}"
"111","standalone_dual","8707449132","","8707449132","","standalone_dual","2026-02-15","2026-02-15","Gardner-Webb vs VMI","NC","","","1","758820150","Gardner-Webb","758820150","Gardner-Webb","NC","30","758939150","VMI","VA","13","1560238138","https://www.trackwrestling.com/seasons/DualMatches.jsp?seasonId=1560238138&dualId=8707449132&teamId={TEAM_ID}"
"112","standalone_dual","8709696132","","8709696132","","standalone_dual","2026-02-15","2026-02-15","Drexel vs LIU","PA","","","1","758808150","Drexel","758808150","Drexel","PA","39","758969150","LIU","NY","6","1560238138","https://www.trackwrestling.com/seasons/DualMatches.jsp?seasonId=1560238138&dualId=8709696132&teamId={TEAM_ID}"
"113","standalone_dual","8704745132","","8704745132","","standalone_dual","2026-02-15","2026-02-15","Columbia vs Brown","NY","","","1","758800150","Columbia","758800150","Columbia","NY","28","758776150","Brown","RI","10","1560238138","https://www.trackwrestling.com/seasons/DualMatches.jsp?seasonId=1560238138&dualId=8704745132&teamId={TEAM_ID}"
"114","standalone_dual","8706896132","","8706896132","","standalone_dual","2026-02-15","2026-02-15","Little Rock vs Cal Poly","AR","","","1","758756150","Little Rock","758756150","Little Rock","AR","30","758780150","Cal Poly","CA","8","1560238138","https://www.trackwrestling.com/seasons/DualMatches.jsp?seasonId=1560238138&dualId=8706896132&teamId={TEAM_ID}"
"115","standalone_dual","8708772132","","8708772132","","standalone_dual","2026-02-15","2026-02-15","Maryland vs Ohio State","MD","","","2","758890150","Ohio State","758850150","Maryland","MD","16","758890150","Ohio State","OH","29","1560238138","https://www.trackwrestling.com/seasons/DualMatches.jsp?seasonId=1560238138&dualId=8708772132&teamId={TEAM_ID}"
"116","standalone_dual","8704469132","","8704469132","","standalone_dual","2026-02-15","2026-02-15","Air Force vs California Baptist","CO","","","1","758758150","Air Force","758758150","Air Force","CO","19","758781150","California Baptist","CA","16","1560238138","https://www.trackwrestling.com/seasons/DualMatches.jsp?seasonId=1560238138&dualId=8704469132&teamId={TEAM_ID}"
"117","standalone_dual","8714029132","","8714029132","","standalone_dual","2026-02-15","2026-02-15","Northwestern vs Illinois","IL","","","2","758827150","Illinois","758886150","Northwestern","IL","3","758827150","Illinois","IL","44","1560238138","https://www.trackwrestling.com/seasons/DualMatches.jsp?seasonId=1560238138&dualId=8714029132&teamId={TEAM_ID}"
"118","standalone_dual","8703901132","","8703901132","","standalone_dual","2026-02-15","2026-02-15","Clarion vs Ohio","PA","","","1","758792150","Clarion","758792150","Clarion","PA","25","758888150","Ohio","OH","16","1560238138","https://www.trackwrestling.com/seasons/DualMatches.jsp?seasonId=1560238138&dualId=8703901132&teamId={TEAM_ID}"
"119","standalone_dual","8704522132","","8704522132","","standalone_dual","2026-02-15","2026-02-15","Chattanooga vs Appalachian State","TN","","","1","758790150","Chattanooga","758790150","Chattanooga","TN","20","758763150","Appalachian State","NC","13","1560238138","https://www.trackwrestling.com/seasons/DualMatches.jsp?seasonId=1560238138&dualId=8704522132&teamId={TEAM_ID}"
"120","standalone_dual","8708513132","","8708513132","","standalone_dual","2026-02-15","2026-02-15","Central Oklahoma vs Central Missouri","OK","","","1","758788150","Central Oklahoma","758788150","Central Oklahoma","OK","37","758787150","Central Missouri","MO","7","1560238138","https://www.trackwrestling.com/seasons/DualMatches.jsp?seasonId=1560238138&dualId=8708513132&teamId={TEAM_ID}"
"121","standalone_dual","8705524132","","8705524132","","standalone_dual","2026-02-15","2026-02-15","Iowa State vs Northern Iowa","IA","","","1","758831150","Iowa State","758831150","Iowa State","IA","28","758884150","Northern Iowa","IA","6","1560238138","https://www.trackwrestling.com/seasons/DualMatches.jsp?seasonId=1560238138&dualId=8705524132&teamId={TEAM_ID}"
"122","standalone_dual","8704933132","","8704933132","","standalone_dual","2026-02-15","2026-02-15","Central Michigan vs George Mason","MI","","","2","758821150","George Mason","758786150","Central Michigan","MI","18","758821150","George Mason","VA","18","1560238138","https://www.trackwrestling.com/seasons/DualMatches.jsp?seasonId=1560238138&dualId=8704933132&teamId={TEAM_ID}"
"123","standalone_dual","8703761132","","8703761132","","standalone_dual","2026-02-15","2026-02-15","Northern Colorado vs Utah Valley","CO","","","2","758936150","Utah Valley","758882150","Northern Colorado","CO","17","758936150","Utah Valley","UT","21","1560238138","https://www.trackwrestling.com/seasons/DualMatches.jsp?seasonId=1560238138&dualId=8703761132&teamId={TEAM_ID}"
"124","standalone_dual","8711665132","","8711665132","","standalone_dual","2026-02-15","2026-02-15","Pacific (OR) vs Linfield","OR","","","2","758993150","Linfield","758897150","Pacific (OR)","OR","16","758993150","Linfield","OR","30","1560238138","https://www.trackwrestling.com/seasons/DualMatches.jsp?seasonId=1560238138&dualId=8711665132&teamId={TEAM_ID}"
"125","standalone_dual","8707135132","","8707135132","","standalone_dual","2026-02-15","2026-02-15","Bucknell vs American","PA","","","1","758777150","Bucknell","758777150","Bucknell","PA","22","758761150","American","DC","21","1560238138","https://www.trackwrestling.com/seasons/DualMatches.jsp?seasonId=1560238138&dualId=8707135132&teamId={TEAM_ID}"
"126","standalone_dual","8711716132","","8711716132","","standalone_dual","2026-02-15","2026-02-15","Indiana vs Nebraska","IN","","","2","758871150","Nebraska","758828150","Indiana","IN","5","758871150","Nebraska","NE","34","1560238138","https://www.trackwrestling.com/seasons/DualMatches.jsp?seasonId=1560238138&dualId=8711716132&teamId={TEAM_ID}"
"127","standalone_dual","8704546132","","8704546132","","standalone_dual","2026-02-14","2026-02-14","Findlay vs Lake Erie","OH","","","1","758816150","Findlay","758816150","Findlay","OH","40","758840150","Lake Erie","OH","2","1560238138","https://www.trackwrestling.com/seasons/DualMatches.jsp?seasonId=1560238138&dualId=8704546132&teamId={TEAM_ID}"
"128","standalone_dual","8709400132","","8709400132","","standalone_dual","2026-02-14","2026-02-14","Princeton vs Penn","NJ","","","1","758903150","Princeton","758903150","Princeton","NJ","23","758899150","Penn","PA","14","1560238138","https://www.trackwrestling.com/seasons/DualMatches.jsp?seasonId=1560238138&dualId=8709400132&teamId={TEAM_ID}"
"129","standalone_dual","8703490132","","8703490132","","standalone_dual","2026-02-14","2026-02-14","UMary vs Augustana (SD)","ND","","","2","758769150","Augustana (SD)","758849150","UMary","ND","4","758769150","Augustana (SD)","SD","39","1560238138","https://www.trackwrestling.com/seasons/DualMatches.jsp?seasonId=1560238138&dualId=8703490132&teamId={TEAM_ID}"
"130","standalone_dual","8705029132","","8705029132","","standalone_dual","2026-02-14","2026-02-14","Gannon vs Pitt-Johnstown","PA","","","1","758819150","Gannon","758819150","Gannon","PA","18","758901150","Pitt-Johnstown","PA","12","1560238138","https://www.trackwrestling.com/seasons/DualMatches.jsp?seasonId=1560238138&dualId=8705029132&teamId={TEAM_ID}"
"131","standalone_dual","8712134132","","8712134132","","standalone_dual","2026-02-14","2026-02-14","Newman vs Central Missouri","KS","","","2","758787150","Central Missouri","758876150","Newman","KS","6","758787150","Central Missouri","MO","41","1560238138","https://www.trackwrestling.com/seasons/DualMatches.jsp?seasonId=1560238138&dualId=8712134132&teamId={TEAM_ID}"
"132","standalone_dual","8706114132","","8706114132","","standalone_dual","2026-02-14","2026-02-14","Lehigh vs Bucknell","PA","","","1","758842150","Lehigh","758842150","Lehigh","PA","21","758777150","Bucknell","PA","16","1560238138","https://www.trackwrestling.com/seasons/DualMatches.jsp?seasonId=1560238138&dualId=8706114132&teamId={TEAM_ID}"
"133","standalone_dual","8705277132","","8705277132","","standalone_dual","2026-02-14","2026-02-14","Drexel vs Rider","PA","","","2","758906150","Rider","758808150","Drexel","PA","10","758906150","Rider","NJ","30","1560238138","https://www.trackwrestling.com/seasons/DualMatches.jsp?seasonId=1560238138&dualId=8705277132&teamId={TEAM_ID}"
"134","standalone_dual","8707581132","","8707581132","","standalone_dual","2026-02-14","2026-02-14","Kentucky Wesleyan vs Tiffin","KY","","","2","758931150","Tiffin","758751150","Kentucky Wesleyan","KY","0","758931150","Tiffin","OH","56","1560238138","https://www.trackwrestling.com/seasons/DualMatches.jsp?seasonId=1560238138&dualId=8707581132&teamId={TEAM_ID}"
"135","standalone_dual","8707970132","","8707970132","","standalone_dual","2026-02-14","2026-02-14","Cornell vs Binghamton","NY","","","1","758803150","Cornell","758803150","Cornell","NY","26","758772150","Binghamton","NY","9","1560238138","https://www.trackwrestling.com/seasons/DualMatches.jsp?seasonId=1560238138&dualId=8707970132&teamId={TEAM_ID}"
"136","standalone_dual","8704744132","","8704744132","","standalone_dual","2026-02-14","2026-02-14","Columbia vs Harvard","NY","","","1","758800150","Columbia","758800150","Columbia","NY","38","758823150","Harvard","MA","9","1560238138","https://www.trackwrestling.com/seasons/DualMatches.jsp?seasonId=1560238138&dualId=8704744132&teamId={TEAM_ID}"
"137","standalone_dual","8703676132","","8703676132","","standalone_dual","2026-02-14","2026-02-14","Minot State (N.D.) vs Sioux Falls","ND","","","2","759000150","Sioux Falls","758864150","Minot State (N.D.)","ND","14","759000150","Sioux Falls","SD","31","1560238138","https://www.trackwrestling.com/seasons/DualMatches.jsp?seasonId=1560238138&dualId=8703676132&teamId={TEAM_ID}"
"138","standalone_dual","8705131132","","8705131132","","standalone_dual","2026-02-14","2026-02-14","CSU-Pueblo vs New Mexico Highlands","CO","","","1","758799150","CSU-Pueblo","758799150","CSU-Pueblo","CO","24","758873150","New Mexico Highlands","NM","17","1560238138","https://www.trackwrestling.com/seasons/DualMatches.jsp?seasonId=1560238138&dualId=8705131132&teamId={TEAM_ID}"
"139","standalone_dual","8703795132","","8703795132","","standalone_dual","2026-02-14","2026-02-14","Johnson & Wales (RI) vs Plymouth State","RI","","","1","758835150","Johnson & Wales (RI)","758835150","Johnson & Wales (RI)","RI","50","758902150","Plymouth State","NH","6","1560238138","https://www.trackwrestling.com/seasons/DualMatches.jsp?seasonId=1560238138&dualId=8703795132&teamId={TEAM_ID}"
"140","standalone_dual","9000419132","","9000419132","","standalone_dual","2026-02-14","2026-02-14","Northern Iowa vs West Virginia","IA","","","2","758947150","West Virginia","758884150","Northern Iowa","IA","13","758947150","West Virginia","WV","23","1560238138","https://www.trackwrestling.com/seasons/DualMatches.jsp?seasonId=1560238138&dualId=9000419132&teamId={TEAM_ID}"
"141","standalone_dual","8707381132","","8707381132","","standalone_dual","2026-02-14","2026-02-14","Morgan State vs Sacred Heart","MD","","","1","759003150","Morgan State","759003150","Morgan State","MD","25","758910150","Sacred Heart","CT","14","1560238138","https://www.trackwrestling.com/seasons/DualMatches.jsp?seasonId=1560238138&dualId=8707381132&teamId={TEAM_ID}"
"142","standalone_dual","8704047132","","8704047132","","standalone_dual","2026-02-14","2026-02-14","Frostburg State vs Davis & Elkins","MD","","","1","759002150","Frostburg State","759002150","Frostburg State","MD","53","758974150","Davis & Elkins","WV","0","1560238138","https://www.trackwrestling.com/seasons/DualMatches.jsp?seasonId=1560238138&dualId=8704047132&teamId={TEAM_ID}"
"143","tournament_event","8985997132","8985997132","","I","individual","2026-02-14","2026-02-14","2026 mens sliac","IL","","","","","","","","","","","","","","1560238138","https://www.trackwrestling.com/seasons/EventMatches.jsp?seasonId=1560238138&eventId=8985997132&teamId={TEAM_ID}"
"144","tournament_event","8703387132","8703387132","","I","individual","2026-02-14","2026-02-14","JCU Open (Men)","OH","O","930759132","","","","","","","","","","","","1560238138","https://www.trackwrestling.com/seasons/EventMatches.jsp?seasonId=1560238138&eventId=8703387132&teamId={TEAM_ID}"
"145","tournament_event","8706500132","8706500132","","I","individual","2026-02-14","2026-02-14","AMCC Championships","PA","P","930582132","","","","","","","","","","","","1560238138","https://www.trackwrestling.com/seasons/EventMatches.jsp?seasonId=1560238138&eventId=8706500132&teamId={TEAM_ID}"
"146","tournament_event","8915447132","8915447132","","I","individual","2026-02-14","2026-02-14","AMCC Individual Championships","PA","O","960229132","","","","","","","","","","","","1560238138","https://www.trackwrestling.com/seasons/EventMatches.jsp?seasonId=1560238138&eventId=8915447132&teamId={TEAM_ID}"
"147","tournament_event","8707586132","8707586132","","I","individual","2026-02-14","2026-02-14","Mid-States Invitational","MI","O","934304132","","","","","","","","","","","","1560238138","https://www.trackwrestling.com/seasons/EventMatches.jsp?seasonId=1560238138&eventId=8707586132&teamId={TEAM_ID}"
"148","standalone_dual","8709386132","","8709386132","","standalone_dual","2026-02-14","2026-02-14","Fairmont State vs West Liberty","WV","","","2","758946150","West Liberty","758976150","Fairmont State","WV","19","758946150","West Liberty","WV","33","1560238138","https://www.trackwrestling.com/seasons/DualMatches.jsp?seasonId=1560238138&dualId=8709386132&teamId={TEAM_ID}"
"149","standalone_dual","8707265132","","8707265132","","standalone_dual","2026-02-14","2026-02-14","Shippensburg vs Elizabethtown","PA","","","2","758813150","Elizabethtown","758913150","Shippensburg","PA","17","758813150","Elizabethtown","PA","23","1560238138","https://www.trackwrestling.com/seasons/DualMatches.jsp?seasonId=1560238138&dualId=8707265132&teamId={TEAM_ID}"
"150","tournament_event","8997151132","8997151132","","I","individual","2026-02-14","2026-02-14","WIAC Championships","WI","P","966852132","","","","","","","","","","","","1560238138","https://www.trackwrestling.com/seasons/EventMatches.jsp?seasonId=1560238138&eventId=8997151132&teamId={TEAM_ID}"
"151","standalone_dual","8705481132","","8705481132","","standalone_dual","2026-02-14","2026-02-14","Worcester Polytechnic vs Springfield","MA","","","2","758921150","Springfield","758962150","Worcester Polytechnic","MA","0","758921150","Springfield","MA","47","1560238138","https://www.trackwrestling.com/seasons/DualMatches.jsp?seasonId=1560238138&dualId=8705481132&teamId={TEAM_ID}"
"152","standalone_dual","8708851132","","8708851132","","standalone_dual","2026-02-14","2026-02-14","Bridgeport vs Felician","CT","","","2","759012150","Felician","770255150","Bridgeport","CT","12","759012150","Felician","NJ","30","1560238138","https://www.trackwrestling.com/seasons/DualMatches.jsp?seasonId=1560238138&dualId=8708851132&teamId={TEAM_ID}"
"153","tournament_event","8967675132","8967675132","","I","individual","2026-02-14","2026-02-14","PAC Championships","OH","P","965102132","","","","","","","","","","","","1560238138","https://www.trackwrestling.com/seasons/EventMatches.jsp?seasonId=1560238138&eventId=8967675132&teamId={TEAM_ID}"
"154","standalone_dual","8707519132","","8707519132","","standalone_dual","2026-02-14","2026-02-14","Wisconsin-Parkside vs St. Cloud State","WI","","","2","758922150","St. Cloud State","758958150","Wisconsin-Parkside","WI","15","758922150","St. Cloud State","MN","25","1560238138","https://www.trackwrestling.com/seasons/DualMatches.jsp?seasonId=1560238138&dualId=8707519132&teamId={TEAM_ID}"
"155","tournament_event","8712070132","8712070132","","I","individual","2026-02-14","2026-02-14","2026 SLIAC CHAMPIONSHIPS","IL","O","965207132","","","","","","","","","","","","1560238138","https://www.trackwrestling.com/seasons/EventMatches.jsp?seasonId=1560238138&eventId=8712070132&teamId={TEAM_ID}"
"156","tournament_event","8707284132","8707284132","","D","dual_tournament","2026-02-14","2026-02-14","UAA Championship","NY","","","","","","","","","","","","","","1560238138","https://www.trackwrestling.com/seasons/EventMatches.jsp?seasonId=1560238138&eventId=8707284132&teamId={TEAM_ID}"
"157","standalone_dual","8708081132","","8708081132","","standalone_dual","2026-02-14","2026-02-14","Southern Maine vs Norwich","ME","","","1","758919150","Southern Maine","758919150","Southern Maine","ME","22","758887150","Norwich","VT","19","1560238138","https://www.trackwrestling.com/seasons/DualMatches.jsp?seasonId=1560238138&dualId=8708081132&teamId={TEAM_ID}"
"158","tournament_event","8708241132","8708241132","","I","individual","2026-02-14","2026-02-14","Messiah Open","PA","O","931038132","","","","","","","","","","","","1560238138","https://www.trackwrestling.com/seasons/EventMatches.jsp?seasonId=1560238138&eventId=8708241132&teamId={TEAM_ID}"
"159","tournament_event","8706413132","8706413132","","I","individual","2026-02-14","2026-02-14","CSU Pueblo Rocky Mountain Collegiate Open","CO","O","931922132","","","","","","","","","","","","1560238138","https://www.trackwrestling.com/seasons/EventMatches.jsp?seasonId=1560238138&eventId=8706413132&teamId={TEAM_ID}"
"160","tournament_event","8981336132","8981336132","","D","dual_tournament","2026-02-13","2026-02-14","2026 NCWA Men`s National Duals","UT","T","962823132","","","","","","","","","","","","1560238138","https://www.trackwrestling.com/seasons/EventMatches.jsp?seasonId=1560238138&eventId=8981336132&teamId={TEAM_ID}"
"161","standalone_dual","8720568132","","8720568132","","standalone_dual","2026-02-14","2026-02-14","Wesleyan (CT) vs Centenary (NJ)","CT","","","2","758784150","Centenary (NJ)","758945150","Wesleyan (CT)","CT","12","758784150","Centenary (NJ)","NJ","29","1560238138","https://www.trackwrestling.com/seasons/DualMatches.jsp?seasonId=1560238138&dualId=8720568132&teamId={TEAM_ID}"
"162","tournament_event","8988903132","8988903132","","I","individual","2026-02-14","2026-02-14","CCIW Championships","WI","P","965948132","","","","","","","","","","","","1560238138","https://www.trackwrestling.com/seasons/EventMatches.jsp?seasonId=1560238138&eventId=8988903132&teamId={TEAM_ID}"
"163","tournament_event","8929320132","8929320132","","I","individual","2026-02-14","2026-02-14","Centennial Conference Championships","NY","P","963844132","","","","","","","","","","","","1560238138","https://www.trackwrestling.com/seasons/EventMatches.jsp?seasonId=1560238138&eventId=8929320132&teamId={TEAM_ID}"
"164","tournament_event","8921630132","8921630132","","D","dual_tournament","2026-02-14","2026-02-14","Hunter-Arcadia-Emmanuel Tri-Meet","NY","","","","","","","","","","","","","","1560238138","https://www.trackwrestling.com/seasons/EventMatches.jsp?seasonId=1560238138&eventId=8921630132&teamId={TEAM_ID}"
"165","tournament_event","8708134132","8708134132","","I","individual","2026-02-14","2026-02-14","Firestorm Open","AZ","O","961517132","","","","","","","","","","","","1560238138","https://www.trackwrestling.com/seasons/EventMatches.jsp?seasonId=1560238138&eventId=8708134132&teamId={TEAM_ID}"
"166","tournament_event","8711071132","8711071132","","I","individual","2026-02-14","2026-02-14","2026 ODAC Championship","VA","P","948904132","","","","","","","","","","","","1560238138","https://www.trackwrestling.com/seasons/EventMatches.jsp?seasonId=1560238138&eventId=8711071132&teamId={TEAM_ID}"
"167","standalone_dual","9033289132","","9033289132","","standalone_dual","2026-02-13","2026-02-13","Ferrum WC vs Coker","VA","","","1","1026221150","Ferrum WC","1026221150","Ferrum WC","VA","0","758796150","Coker","SC","0","1560238138","https://www.trackwrestling.com/seasons/DualMatches.jsp?seasonId=1560238138&dualId=9033289132&teamId={TEAM_ID}"
"168","tournament_event","8704256132","8704256132","","I","individual","2026-02-13","2026-02-13","Central Last Chance Invitational","IA","O","965871132","","","","","","","","","","","","1560238138","https://www.trackwrestling.com/seasons/EventMatches.jsp?seasonId=1560238138&eventId=8704256132&teamId={TEAM_ID}"
"169","standalone_dual","8708889132","","8708889132","","standalone_dual","2026-02-13","2026-02-13","St. John Fisher vs Brockport","NY","","","1","758996150","St. John Fisher","758996150","St. John Fisher","NY","35","758775150","Brockport","NY","7","1560238138","https://www.trackwrestling.com/seasons/DualMatches.jsp?seasonId=1560238138&dualId=8708889132&teamId={TEAM_ID}"
"170","standalone_dual","8707420132","","8707420132","","standalone_dual","2026-02-13","2026-02-13","Utica vs Elmira College","NY","","","1","759006150","Utica","759006150","Utica","NY","48","758983150","Elmira College","NY","10","1560238138","https://www.trackwrestling.com/seasons/DualMatches.jsp?seasonId=1560238138&dualId=8707420132&teamId={TEAM_ID}"
"171","standalone_dual","8988959132","","8988959132","","standalone_dual","2026-02-13","2026-02-13","Alvernia University vs Albright College","PA","","","1","758980150","Alvernia University","758980150","Alvernia University","PA","26","770506150","Albright College","PA","9","1560238138","https://www.trackwrestling.com/seasons/DualMatches.jsp?seasonId=1560238138&dualId=8988959132&teamId={TEAM_ID}"
"172","tournament_event","8707430132","8707430132","","D","dual_tournament","2026-02-13","2026-02-13","RIC Tri-Meet","RI","","","","","","","","","","","","","","1560238138","https://www.trackwrestling.com/seasons/EventMatches.jsp?seasonId=1560238138&eventId=8707430132&teamId={TEAM_ID}"
"173","tournament_event","9001673132","9001673132","","D","dual_tournament","2026-02-13","2026-02-13","Kent State Tri Central Michigan, Mercyhurst","OH","","","","","","","","","","","","","","1560238138","https://www.trackwrestling.com/seasons/EventMatches.jsp?seasonId=1560238138&eventId=9001673132&teamId={TEAM_ID}"
"174","standalone_dual","8704581132","","8704581132","","standalone_dual","2026-02-13","2026-02-13","Williams College vs Castleton","MA","","","1","758953150","Williams College","758953150","Williams College","MA","19","758748150","Castleton","VT","18","1560238138","https://www.trackwrestling.com/seasons/DualMatches.jsp?seasonId=1560238138&dualId=8704581132&teamId={TEAM_ID}"
"175","tournament_event","8988899132","8988899132","","I","individual","2026-02-13","2026-02-13","Future CCIW Championships","WI","P","965949132","","","","","","","","","","","","1560238138","https://www.trackwrestling.com/seasons/EventMatches.jsp?seasonId=1560238138&eventId=8988899132&teamId={TEAM_ID}"
"176","standalone_dual","8707160132","","8707160132","","standalone_dual","2026-02-13","2026-02-13","Western Colorado vs Colorado Mesa","CO","","","1","758949150","Western Colorado","758949150","Western Colorado","CO","26","758797150","Colorado Mesa","CO","18","1560238138","https://www.trackwrestling.com/seasons/DualMatches.jsp?seasonId=1560238138&dualId=8707160132&teamId={TEAM_ID}"
"177","standalone_dual","8704463132","","8704463132","","standalone_dual","2026-02-13","2026-02-13","Western New England vs Worcester Polytechnic","MA","","","1","758948150","Western New England","758948150","Western New England","MA","28","758962150","Worcester Polytechnic","MA","17","1560238138","https://www.trackwrestling.com/seasons/DualMatches.jsp?seasonId=1560238138&dualId=8704463132&teamId={TEAM_ID}"
"178","standalone_dual","8706695132","","8706695132","","standalone_dual","2026-02-13","2026-02-13","VMI vs Campbell","VA","","","1","758939150","VMI","758939150","VMI","VA","32","758782150","Campbell","NC","16","1560238138","https://www.trackwrestling.com/seasons/DualMatches.jsp?seasonId=1560238138&dualId=8706695132&teamId={TEAM_ID}"
"179","standalone_dual","8704940132","","8704940132","","standalone_dual","2026-02-13","2026-02-13","Virginia Tech vs North Carolina","VA","","","1","758938150","Virginia Tech","758938150","Virginia Tech","VA","29","758877150","North Carolina","NC","9","1560238138","https://www.trackwrestling.com/seasons/DualMatches.jsp?seasonId=1560238138&dualId=8704940132&teamId={TEAM_ID}"
"180","tournament_event","8703528132","8703528132","","D","dual_tournament","2026-02-13","2026-02-13","JCU Tri-Meet","OH","","","","","","","","","","","","","","1560238138","https://www.trackwrestling.com/seasons/EventMatches.jsp?seasonId=1560238138&eventId=8703528132&teamId={TEAM_ID}"
"181","standalone_dual","9033296132","","9033296132","","standalone_dual","2026-02-13","2026-02-13","TCNJ vs York (PA)","NJ","","","1","758929150","TCNJ","758929150","TCNJ","NJ","47","758964150","York (PA)","PA","5","1560238138","https://www.trackwrestling.com/seasons/DualMatches.jsp?seasonId=1560238138&dualId=9033296132&teamId={TEAM_ID}"
"182","standalone_dual","8709713132","","8709713132","","standalone_dual","2026-02-13","2026-02-13","TCNJ vs York","NJ","","","2","820829150","York","758929150","TCNJ","NJ","0","820829150","York","NJ","0","1560238138","https://www.trackwrestling.com/seasons/DualMatches.jsp?seasonId=1560238138&dualId=8709713132&teamId={TEAM_ID}"
"183","standalone_dual","8707262132","","8707262132","","standalone_dual","2026-02-13","2026-02-13","Shippensburg vs Kutztown","PA","","","2","758839150","Kutztown","758913150","Shippensburg","PA","3","758839150","Kutztown","PA","43","1560238138","https://www.trackwrestling.com/seasons/DualMatches.jsp?seasonId=1560238138&dualId=8707262132&teamId={TEAM_ID}"
"184","tournament_event","8707809132","8707809132","","D","dual_tournament","2026-02-13","2026-02-13","TCNJ","NJ","","","","","","","","","","","","","","1560238138","https://www.trackwrestling.com/seasons/EventMatches.jsp?seasonId=1560238138&eventId=8707809132&teamId={TEAM_ID}"
"185","standalone_dual","8703400132","","8703400132","","standalone_dual","2026-02-13","2026-02-13","Roger Williams vs Johnson & Wales (RI)","RI","","","2","758835150","Johnson & Wales (RI)","758908150","Roger Williams","RI","9","758835150","Johnson & Wales (RI)","RI","36","1560238138","https://www.trackwrestling.com/seasons/DualMatches.jsp?seasonId=1560238138&dualId=8703400132&teamId={TEAM_ID}"
"186","standalone_dual","8707821132","","8707821132","","standalone_dual","2026-02-13","2026-02-13","Fort Hays State vs Nebraska-Kearney","KS","","","2","758872150","Nebraska-Kearney","758817150","Fort Hays State","KS","4","758872150","Nebraska-Kearney","NE","39","1560238138","https://www.trackwrestling.com/seasons/DualMatches.jsp?seasonId=1560238138&dualId=8707821132&teamId={TEAM_ID}"
"187","standalone_dual","8999238132","","8999238132","","standalone_dual","2026-02-13","2026-02-13","Ferrum vs Coker","VA","","","1","758815150","Ferrum","758815150","Ferrum","VA","31","758796150","Coker","SC","10","1560238138","https://www.trackwrestling.com/seasons/DualMatches.jsp?seasonId=1560238138&dualId=8999238132&teamId={TEAM_ID}"
"188","standalone_dual","8708826132","","8708826132","","standalone_dual","2026-02-13","2026-02-13","Elizabethtown vs Messiah","PA","","","2","758856150","Messiah","758813150","Elizabethtown","PA","17","758856150","Messiah","PA","25","1560238138","https://www.trackwrestling.com/seasons/DualMatches.jsp?seasonId=1560238138&dualId=8708826132&teamId={TEAM_ID}"
"189","standalone_dual","8709184132","","8709184132","","standalone_dual","2026-02-13","2026-02-13","Michigan State vs Rutgers","MI","","","2","758909150","Rutgers","758858150","Michigan State","MI","9","758909150","Rutgers","NJ","29","1560238138","https://www.trackwrestling.com/seasons/DualMatches.jsp?seasonId=1560238138&dualId=8709184132&teamId={TEAM_ID}"
"190","standalone_dual","8706673132","","8706673132","","standalone_dual","2026-02-13","2026-02-13","Emmanuel vs Truett-McConnell (Ga.)","GA","","","1","758740150","Emmanuel","758740150","Emmanuel","GA","24","770134150","Truett-McConnell (Ga.)","GA","22","1560238138","https://www.trackwrestling.com/seasons/DualMatches.jsp?seasonId=1560238138&dualId=8706673132&teamId={TEAM_ID}"
"191","standalone_dual","8703635132","","8703635132","","standalone_dual","2026-02-13","2026-02-13","Duke vs NC State","NC","","","2","758878150","NC State","758810150","Duke","NC","7","758878150","NC State","NC","32","1560238138","https://www.trackwrestling.com/seasons/DualMatches.jsp?seasonId=1560238138&dualId=8703635132&teamId={TEAM_ID}"
"192","standalone_dual","8985390132","","8985390132","","standalone_dual","2026-02-13","2026-02-13","Keystone vs Misericordia","PA","","","2","759014150","Misericordia","758745150","Keystone","PA","4","759014150","Misericordia","PA","53","1560238138","https://www.trackwrestling.com/seasons/DualMatches.jsp?seasonId=1560238138&dualId=8985390132&teamId={TEAM_ID}"
"193","standalone_dual","8707813132","","8707813132","","standalone_dual","2026-02-13","2026-02-13","Delaware Valley vs Arcadia","PA","","","2","770507150","Arcadia","758807150","Delaware Valley","PA","15","770507150","Arcadia","PA","41","1560238138","https://www.trackwrestling.com/seasons/DualMatches.jsp?seasonId=1560238138&dualId=8707813132&teamId={TEAM_ID}"
"194","standalone_dual","8706113132","","8706113132","","standalone_dual","2026-02-13","2026-02-13","Lehigh vs Penn","PA","","","1","758842150","Lehigh","758842150","Lehigh","PA","24","758899150","Penn","PA","14","1560238138","https://www.trackwrestling.com/seasons/DualMatches.jsp?seasonId=1560238138&dualId=8706113132&teamId={TEAM_ID}"
"195","standalone_dual","8704519132","","8704519132","","standalone_dual","2026-02-13","2026-02-13","Davidson vs Appalachian State","NC","","","2","758763150","Appalachian State","758806150","Davidson","NC","3","758763150","Appalachian State","NC","38","1560238138","https://www.trackwrestling.com/seasons/DualMatches.jsp?seasonId=1560238138&dualId=8704519132&teamId={TEAM_ID}"
"196","standalone_dual","8703897132","","8703897132","","standalone_dual","2026-02-13","2026-02-13","George Mason vs Clarion","VA","","","1","758821150","George Mason","758821150","George Mason","VA","26","758792150","Clarion","PA","18","1560238138","https://www.trackwrestling.com/seasons/DualMatches.jsp?seasonId=1560238138&dualId=8703897132&teamId={TEAM_ID}"
"197","standalone_dual","8705966132","","8705966132","","standalone_dual","2026-02-13","2026-02-13","Concordia-Moorhead vs Augsburg","MN","","","2","758767150","Augsburg","758802150","Concordia-Moorhead","MN","3","758767150","Augsburg","MN","44","1560238138","https://www.trackwrestling.com/seasons/DualMatches.jsp?seasonId=1560238138&dualId=8705966132&teamId={TEAM_ID}"
"198","standalone_dual","8703488132","","8703488132","","standalone_dual","2026-02-13","2026-02-13","Minot State (N.D.) vs Augustana (SD)","ND","","","2","758769150","Augustana (SD)","758864150","Minot State (N.D.)","ND","12","758769150","Augustana (SD)","SD","43","1560238138","https://www.trackwrestling.com/seasons/DualMatches.jsp?seasonId=1560238138&dualId=8703488132&teamId={TEAM_ID}"
"199","standalone_dual","8708122132","","8708122132","","standalone_dual","2026-02-13","2026-02-13","Northern State vs Jamestown (N.D.)","SD","","","1","758885150","Northern State","758885150","Northern State","SD","52","770120150","Jamestown (N.D.)","ND","0","1560238138","https://www.trackwrestling.com/seasons/DualMatches.jsp?seasonId=1560238138&dualId=8708122132&teamId={TEAM_ID}"
"200","standalone_dual","8705593132","","8705593132","","standalone_dual","2026-02-13","2026-02-13","Colorado School of Mines vs Simon Fraser (B.C.)","CO","","","1","758798150","Colorado School of Mines","758798150","Colorado School of Mines","CO","39","758915150","Simon Fraser (B.C.)","BC","7","1560238138","https://www.trackwrestling.com/seasons/DualMatches.jsp?seasonId=1560238138&dualId=8705593132&teamId={TEAM_ID}"
"201","standalone_dual","8704468132","","8704468132","","standalone_dual","2026-02-13","2026-02-13","Air Force vs Utah Valley","CO","","","2","758936150","Utah Valley","758758150","Air Force","CO","6","758936150","Utah Valley","UT","32","1560238138","https://www.trackwrestling.com/seasons/DualMatches.jsp?seasonId=1560238138&dualId=8704468132&teamId={TEAM_ID}"
"202","standalone_dual","8790307132","","8790307132","","standalone_dual","2026-02-13","2026-02-13","Kent State vs Mercyhurst","OH","","","1","758836150","Kent State","758836150","Kent State","OH","45","758855150","Mercyhurst","PA","3","1560238138","https://www.trackwrestling.com/seasons/DualMatches.jsp?seasonId=1560238138&dualId=8790307132&teamId={TEAM_ID}"
"203","standalone_dual","8707485132","","8707485132","","standalone_dual","2026-02-13","2026-02-13","Coe vs University of Dubuque","IA","","","1","758795150","Coe","758795150","Coe","IA","34","758809150","University of Dubuque","IA","7","1560238138","https://www.trackwrestling.com/seasons/DualMatches.jsp?seasonId=1560238138&dualId=8707485132&teamId={TEAM_ID}"
"204","standalone_dual","8714027132","","8714027132","","standalone_dual","2026-02-13","2026-02-13","Northwestern vs Northern Illinois","IL","","","2","758883150","Northern Illinois","758886150","Northwestern","IL","9","758883150","Northern Illinois","IL","28","1560238138","https://www.trackwrestling.com/seasons/DualMatches.jsp?seasonId=1560238138&dualId=8714027132&teamId={TEAM_ID}"
"205","standalone_dual","8710174132","","8710174132","","standalone_dual","2026-02-13","2026-02-13","Arizona State vs California Baptist","AZ","","","1","758764150","Arizona State","758764150","Arizona State","AZ","31","758781150","California Baptist","CA","9","1560238138","https://www.trackwrestling.com/seasons/DualMatches.jsp?seasonId=1560238138&dualId=8710174132&teamId={TEAM_ID}"
"206","standalone_dual","8703760132","","8703760132","","standalone_dual","2026-02-13","2026-02-13","Northern Colorado vs Wyoming","CO","","","2","758963150","Wyoming","758882150","Northern Colorado","CO","10","758963150","Wyoming","WY","25","1560238138","https://www.trackwrestling.com/seasons/DualMatches.jsp?seasonId=1560238138&dualId=8703760132&teamId={TEAM_ID}"
"207","standalone_dual","8704120132","","8704120132","","standalone_dual","2026-02-13","2026-02-13","Oregon State vs North Dakota State","OR","","","1","758895150","Oregon State","758895150","Oregon State","OR","20","758881150","North Dakota State","ND","11","1560238138","https://www.trackwrestling.com/seasons/DualMatches.jsp?seasonId=1560238138&dualId=8704120132&teamId={TEAM_ID}"
"208","standalone_dual","8704887132","","8704887132","","standalone_dual","2026-02-13","2026-02-13","Ithaca vs Wilkes","NY","","","1","758832150","Ithaca","758832150","Ithaca","NY","29","758952150","Wilkes","PA","10","1560238138","https://www.trackwrestling.com/seasons/DualMatches.jsp?seasonId=1560238138&dualId=8704887132&teamId={TEAM_ID}"
"209","standalone_dual","8705523132","","8705523132","","standalone_dual","2026-02-13","2026-02-13","Iowa State vs West Virginia","IA","","","1","758831150","Iowa State","758831150","Iowa State","IA","32","758947150","West Virginia","WV","7","1560238138","https://www.trackwrestling.com/seasons/DualMatches.jsp?seasonId=1560238138&dualId=8705523132&teamId={TEAM_ID}"
"210","standalone_dual","8711714132","","8711714132","","standalone_dual","2026-02-13","2026-02-13","Illinois vs Nebraska","IL","","","2","758871150","Nebraska","758827150","Illinois","IL","11","758871150","Nebraska","NE","28","1560238138","https://www.trackwrestling.com/seasons/DualMatches.jsp?seasonId=1560238138&dualId=8711714132&teamId={TEAM_ID}"
"211","standalone_dual","8725874132","","8725874132","","standalone_dual","2026-02-13","2026-02-13","Iowa vs Michigan","IA","","","1","758830150","Iowa","758830150","Iowa","IA","19","758857150","Michigan","MI","17","1560238138","https://www.trackwrestling.com/seasons/DualMatches.jsp?seasonId=1560238138&dualId=8725874132&teamId={TEAM_ID}"
"212","standalone_dual","8709688132","","8709688132","","standalone_dual","2026-02-13","2026-02-13","Penn State vs Ohio State","PA","","","1","758898150","Penn State","758898150","Penn State","PA","36","758890150","Ohio State","OH","5","1560238138","https://www.trackwrestling.com/seasons/DualMatches.jsp?seasonId=1560238138&dualId=8709688132&teamId={TEAM_ID}"
"213","standalone_dual","8999751132","","8999751132","","standalone_dual","2026-02-13","2026-02-13","Buffalo vs SIU Edwardsville","NY","","","2","758918150","SIU Edwardsville","758779150","Buffalo","NY","9","758918150","SIU Edwardsville","IL","24","1560238138","https://www.trackwrestling.com/seasons/DualMatches.jsp?seasonId=1560238138&dualId=8999751132&teamId={TEAM_ID}"
"214","standalone_dual","8704263132","","8704263132","","standalone_dual","2026-02-12","2026-02-12","Luther vs Buena Vista","IA","","","1","758846150","Luther","758846150","Luther","IA","44","758778150","Buena Vista","IA","6","1560238138","https://www.trackwrestling.com/seasons/DualMatches.jsp?seasonId=1560238138&dualId=8704263132&teamId={TEAM_ID}"
"215","standalone_dual","8712328132","","8712328132","","standalone_dual","2026-02-12","2026-02-12","Edinboro vs Lock Haven","PA","","","2","758844150","Lock Haven","758812150","Edinboro","PA","12","758844150","Lock Haven","PA","18","1560238138","https://www.trackwrestling.com/seasons/DualMatches.jsp?seasonId=1560238138&dualId=8712328132&teamId={TEAM_ID}"
"216","standalone_dual","8703506132","","8703506132","","standalone_dual","2026-02-12","2026-02-12","Loras vs Wartburg","IA","","","2","758941150","Wartburg","758845150","Loras","IA","6","758941150","Wartburg","IA","26","1560238138","https://www.trackwrestling.com/seasons/DualMatches.jsp?seasonId=1560238138&dualId=8703506132&teamId={TEAM_ID}"
"217","standalone_dual","8704612132","","8704612132","","standalone_dual","2026-02-12","2026-02-12","Minnesota State vs Southwest Minnesota State","MN","","","1","758862150","Minnesota State","758862150","Minnesota State","MN","46","758920150","Southwest Minnesota State","MN","0","1560238138","https://www.trackwrestling.com/seasons/DualMatches.jsp?seasonId=1560238138&dualId=8704612132&teamId={TEAM_ID}"
"218","standalone_dual","8707336132","","8707336132","","standalone_dual","2026-02-12","2026-02-12","Concordia-Moorhead vs Jamestown (N.D.)","MN","","","1","758802150","Concordia-Moorhead","758802150","Concordia-Moorhead","MN","32","770120150","Jamestown (N.D.)","ND","9","1560238138","https://www.trackwrestling.com/seasons/DualMatches.jsp?seasonId=1560238138&dualId=8707336132&teamId={TEAM_ID}"
"219","standalone_dual","8989008132","","8989008132","","standalone_dual","2026-02-12","2026-02-12","King`s (PA) vs Stevens Tech","PA","","","2","758925150","Stevens Tech","758838150","King`s (PA)","PA","3","758925150","Stevens Tech","NJ","47","1560238138","https://www.trackwrestling.com/seasons/DualMatches.jsp?seasonId=1560238138&dualId=8989008132&teamId={TEAM_ID}"
"220","standalone_dual","8707138132","","8707138132","","standalone_dual","2026-02-12","2026-02-12","Missouri vs Oklahoma","MO","","","1","758865150","Missouri","758865150","Missouri","MO","23","758891150","Oklahoma","OK","14","1560238138","https://www.trackwrestling.com/seasons/DualMatches.jsp?seasonId=1560238138&dualId=8707138132&teamId={TEAM_ID}"
"221","standalone_dual","8704726132","","8704726132","","standalone_dual","2026-02-12","2026-02-12","Olivet vs Adrian","MI","","","1","758893150","Olivet","758893150","Olivet","MI","34","758741150","Adrian","MI","12","1560238138","https://www.trackwrestling.com/seasons/DualMatches.jsp?seasonId=1560238138&dualId=8704726132&teamId={TEAM_ID}"
"222","standalone_dual","8704409132","","8704409132","","standalone_dual","2026-02-12","2026-02-12","Mount St. Joseph vs Wilmington","OH","","","1","758866150","Mount St. Joseph","758866150","Mount St. Joseph","OH","41","758755150","Wilmington","OH","12","1560238138","https://www.trackwrestling.com/seasons/DualMatches.jsp?seasonId=1560238138&dualId=8704409132&teamId={TEAM_ID}"
"223","standalone_dual","8703768132","","8703768132","","standalone_dual","2026-02-12","2026-02-12","Baldwin Wallace vs Ohio Northern","OH","","","1","758770150","Baldwin Wallace","758770150","Baldwin Wallace","OH","27","758889150","Ohio Northern","OH","15","1560238138","https://www.trackwrestling.com/seasons/DualMatches.jsp?seasonId=1560238138&dualId=8703768132&teamId={TEAM_ID}"
"224","standalone_dual","8703618132","","8703618132","","standalone_dual","2026-02-12","2026-02-12","Trine vs Albion","IN","","","2","758989150","Albion","758932150","Trine","IN","16","758989150","Albion","MI","26","1560238138","https://www.trackwrestling.com/seasons/DualMatches.jsp?seasonId=1560238138&dualId=8703618132&teamId={TEAM_ID}"
"225","standalone_dual","8708206132","","8708206132","","standalone_dual","2026-02-12","2026-02-12","San Francisco State vs Menlo (Calif.)","CA","","","2","758965150","Menlo (Calif.)","758911150","San Francisco State","CA","16","758965150","Menlo (Calif.)","CA","18","1560238138","https://www.trackwrestling.com/seasons/DualMatches.jsp?seasonId=1560238138&dualId=8708206132&teamId={TEAM_ID}"
"226","standalone_dual","9001434132","","9001434132","","standalone_dual","2026-02-12","2026-02-12","Presbyterian vs Gardner-Webb","SC","","","2","758820150","Gardner-Webb","758975150","Presbyterian","SC","10","758820150","Gardner-Webb","NC","31","1560238138","https://www.trackwrestling.com/seasons/DualMatches.jsp?seasonId=1560238138&dualId=9001434132&teamId={TEAM_ID}"
"227","standalone_dual","9001709132","","9001709132","","standalone_dual","2026-02-12","2026-02-12","West Liberty vs Ashland","WV","","","1","758946150","West Liberty","758946150","West Liberty","WV","29","758766150","Ashland","OH","21","1560238138","https://www.trackwrestling.com/seasons/DualMatches.jsp?seasonId=1560238138&dualId=9001709132&teamId={TEAM_ID}"
"228","standalone_dual","8704142132","","8704142132","","standalone_dual","2026-02-12","2026-02-12","Simpson vs Central","IA","","","2","758785150","Central","758916150","Simpson","IA","0","758785150","Central","IA","46","1560238138","https://www.trackwrestling.com/seasons/DualMatches.jsp?seasonId=1560238138&dualId=8704142132&teamId={TEAM_ID}"
"229","standalone_dual","8965210132","","8965210132","","standalone_dual","2026-02-12","2026-02-12","Evergreen State College vs Linfield","WA","","","1","770141150","Evergreen State College","770141150","Evergreen State College","WA","33","758993150","Linfield","OR","24","1560238138","https://www.trackwrestling.com/seasons/DualMatches.jsp?seasonId=1560238138&dualId=8965210132&teamId={TEAM_ID}"
"230","tournament_event","8707506132","8707506132","","D","dual_tournament","2026-02-12","2026-02-12","Salem Quad","WV","","","","","","","","","","","","","","1560238138","https://www.trackwrestling.com/seasons/EventMatches.jsp?seasonId=1560238138&eventId=8707506132&teamId={TEAM_ID}"
"231","standalone_dual","8984774132","","8984774132","","standalone_dual","2026-02-11","2026-02-11","Vanguard vs Hope International University","CA","","","1","758981150","Vanguard","758981150","Vanguard","CA","53","770160150","Hope International University","CA","6","1560238138","https://www.trackwrestling.com/seasons/DualMatches.jsp?seasonId=1560238138&dualId=8984774132&teamId={TEAM_ID}"
"232","standalone_dual","8703746132","","8703746132","","standalone_dual","2026-02-11","2026-02-11","Cortland State vs Ithaca","NY","","","2","758832150","Ithaca","758926150","Cortland State","NY","15","758832150","Ithaca","NY","33","1560238138","https://www.trackwrestling.com/seasons/DualMatches.jsp?seasonId=1560238138&dualId=8703746132&teamId={TEAM_ID}"
"233","standalone_dual","9000605132","","9000605132","","standalone_dual","2026-02-11","2026-02-11","Wisconsin-Parkside vs Wisconsin-Parkside","WI","","","2","758958150","Wisconsin-Parkside","758958150","Wisconsin-Parkside","WI","0","758958150","Wisconsin-Parkside","WI","0","1560238138","https://www.trackwrestling.com/seasons/DualMatches.jsp?seasonId=1560238138&dualId=9000605132&teamId={TEAM_ID}"
"234","standalone_dual","8703516132","","8703516132","","standalone_dual","2026-02-11","2026-02-11","Franklin & Marshall vs Morgan State","PA","","","1","758818150","Franklin & Marshall","758818150","Franklin & Marshall","PA","51","759003150","Morgan State","MD","0","1560238138","https://www.trackwrestling.com/seasons/DualMatches.jsp?seasonId=1560238138&dualId=8703516132&teamId={TEAM_ID}"
"235","standalone_dual","8706578132","","8706578132","","standalone_dual","2026-02-11","2026-02-11","Plymouth State vs Emmanuel College","NH","","","2","770510150","Emmanuel College","758902150","Plymouth State","NH","9","770510150","Emmanuel College","MA","42","1560238138","https://www.trackwrestling.com/seasons/DualMatches.jsp?seasonId=1560238138&dualId=8706578132&teamId={TEAM_ID}"
"236","standalone_dual","8708322132","","8708322132","","standalone_dual","2026-02-11","2026-02-11","Adams State vs New Mexico Highlands","CO","","","1","758757150","Adams State","758757150","Adams State","CO","36","758873150","New Mexico Highlands","NM","7","1560238138","https://www.trackwrestling.com/seasons/DualMatches.jsp?seasonId=1560238138&dualId=8708322132&teamId={TEAM_ID}"
"237","standalone_dual","8707486132","","8707486132","","standalone_dual","2026-02-11","2026-02-11","Coe vs Cornell College","IA","","","1","758795150","Coe","758795150","Coe","IA","32","758804150","Cornell College","IA","7","1560238138","https://www.trackwrestling.com/seasons/DualMatches.jsp?seasonId=1560238138&dualId=8707486132&teamId={TEAM_ID}"
"238","standalone_dual","8709640132","","8709640132","","standalone_dual","2026-02-10","2026-02-10","Heidelberg vs Muskingum","OH","","","1","758824150","Heidelberg","758824150","Heidelberg","OH","35","758869150","Muskingum","OH","8","1560238138","https://www.trackwrestling.com/seasons/DualMatches.jsp?seasonId=1560238138&dualId=8709640132&teamId={TEAM_ID}"
"239","standalone_dual","8707693132","","8707693132","","standalone_dual","2026-02-10","2026-02-10","Mount Union vs Wilmington","OH","","","1","758867150","Mount Union","758867150","Mount Union","OH","38","758755150","Wilmington","OH","15","1560238138","https://www.trackwrestling.com/seasons/DualMatches.jsp?seasonId=1560238138&dualId=8707693132&teamId={TEAM_ID}"
"240","standalone_dual","8707136132","","8707136132","","standalone_dual","2026-02-10","2026-02-10","Shorter (Ga.) vs Bluefield State","GA","","","1","758914150","Shorter (Ga.)","758914150","Shorter (Ga.)","GA","33","758991150","Bluefield State","WV","18","1560238138","https://www.trackwrestling.com/seasons/DualMatches.jsp?seasonId=1560238138&dualId=8707136132&teamId={TEAM_ID}"
"241","tournament_event","8975737132","8975737132","","I","individual","2026-02-09","2026-02-09","Conference Carolinas Developmental Championships","NC","P","965066132","","","","","","","","","","","","1560238138","https://www.trackwrestling.com/seasons/EventMatches.jsp?seasonId=1560238138&eventId=8975737132&teamId={TEAM_ID}"
"242","standalone_dual","8707636132","","8707636132","","standalone_dual","2026-02-09","2026-02-09","Hofstra vs LIU","NY","","","1","758825150","Hofstra","758825150","Hofstra","NY","31","758969150","LIU","NY","11","1560238138","https://www.trackwrestling.com/seasons/DualMatches.jsp?seasonId=1560238138&dualId=8707636132&teamId={TEAM_ID}"
"243","standalone_dual","8991777132","","8991777132","","standalone_dual","2026-02-08","2026-02-08","Findlay vs Ashland","OH","","","2","758766150","Ashland","758816150","Findlay","OH","18","758766150","Ashland","OH","27","1560238138","https://www.trackwrestling.com/seasons/DualMatches.jsp?seasonId=1560238138&dualId=8991777132&teamId={TEAM_ID}"
"244","standalone_dual","8709183132","","8709183132","","standalone_dual","2026-02-08","2026-02-08","Michigan State vs Iowa","MI","","","2","758830150","Iowa","758858150","Michigan State","MI","6","758830150","Iowa","IA","40","1560238138","https://www.trackwrestling.com/seasons/DualMatches.jsp?seasonId=1560238138&dualId=8709183132&teamId={TEAM_ID}"
"245","standalone_dual","8776656132","","8776656132","","standalone_dual","2026-02-08","2026-02-08","Purdue vs Illinois","IN","","","2","758827150","Illinois","758904150","Purdue","IN","6","758827150","Illinois","IL","28","1560238138","https://www.trackwrestling.com/seasons/DualMatches.jsp?seasonId=1560238138&dualId=8776656132&teamId={TEAM_ID}"
"246","standalone_dual","8708879132","","8708879132","","standalone_dual","2026-02-08","2026-02-08","Oklahoma vs Arizona State","OK","","","1","758891150","Oklahoma","758891150","Oklahoma","OK","31","758764150","Arizona State","AZ","9","1560238138","https://www.trackwrestling.com/seasons/DualMatches.jsp?seasonId=1560238138&dualId=8708879132&teamId={TEAM_ID}"
"247","standalone_dual","8704441132","","8704441132","","standalone_dual","2026-02-08","2026-02-08","Bellarmine vs Gardner-Webb","KY","","","2","758820150","Gardner-Webb","758743150","Bellarmine","KY","18","758820150","Gardner-Webb","NC","19","1560238138","https://www.trackwrestling.com/seasons/DualMatches.jsp?seasonId=1560238138&dualId=8704441132&teamId={TEAM_ID}"
"248","standalone_dual","8707518132","","8707518132","","standalone_dual","2026-02-08","2026-02-08","Northern State vs St. Cloud State","SD","","","2","758922150","St. Cloud State","758885150","Northern State","SD","11","758922150","St. Cloud State","MN","29","1560238138","https://www.trackwrestling.com/seasons/DualMatches.jsp?seasonId=1560238138&dualId=8707518132&teamId={TEAM_ID}"
"249","standalone_dual","8708771132","","8708771132","","standalone_dual","2026-02-08","2026-02-08","Maryland vs Minnesota","MD","","","2","758861150","Minnesota","758850150","Maryland","MD","6","758861150","Minnesota","MN","37","1560238138","https://www.trackwrestling.com/seasons/DualMatches.jsp?seasonId=1560238138&dualId=8708771132&teamId={TEAM_ID}"